DAE,DOY,Water Use (in),Rain and Irrig (in),Irrig (in),PAW Depletion (0-1),Irrigation_Recommendation (in),Water_Stress_Index (0-1),N Uptake Rate (kg/ha/day),N Fertilization (kg/ha),N Available (kg/ha),Nitrogen_Stress_Index (0-1),N Fertilization Recommendation (kg/ha),Days Since Last Irrigation
0,269,0.033007516493235516,0.059842519685039376,0.0,0.0,0.0,0.0,0.0,0.0,35.57923228505134,0.0,0.0,56
0,269,0.033007516493235516,0.059842519685039376,0.0,0.0,0.0,0.0,0.0,0.0,35.57923228505134,0.0,0.0,56
0,270,0.04164272583616397,0.0,0.0,0.0,0.0,0.0,0.0,0.0,35.68210999211654,0.0,0.0,57
0,270,0.04164272583616397,0.0,0.0,0.0,0.0,0.0,0.0,0.0,35.68210999211654,0.0,0.0,57
0,271,0.021615637828557188,0.0,0.0,0.0,0.0,0.0,0.0,0.0,35.80368467311309,0.0,0.0,58
0,271,0.021615637828557188,0.0,0.0,0.0,0.0,0.0,0.0,0.0,35.80368467311309,0.0,0.0,58
0,272,0.014399557782987826,0.0,0.0,0.0,0.0,0.0,0.0,0.0,35.92928785649579,0.0,0.0,59
0,272,0.014399557782987826,0.0,0.0,0.0,0.0,0.0,0.0,0.0,35.92928785649579,0.0,0.0,59
0,273,0.0065158516696182,0.0,0.0,0.0,0.0,0.0,0.0,0.0,36.06599263494329,0.0,0.0,60
0,273,0.0065158516696182,0.0,0.0,0.0,0.0,0.0,0.0,0.0,36.06599263494329,0.0,0.0,60
0,274,0.005732185487142196,0.00984251968503937,0.0,0.0,0.0,0.0,0.0,0.0,36.16904043215656,0.0,0.0,61
0,274,0.005732185487142196,0.00984251968503937,0.0,0.0,0.0,0.0,0.0,0.0,36.16904043215656,0.0,0.0,61
0,275,0.014450931962298021,0.0,0.0,0.0,0.0,0.0,0.0,0.0,36.26625902718039,0.0,0.0,62
0,275,0.014450931962298021,0.0,0.0,0.0,0.0,0.0,0.0,0.0,36.26625902718039,0.0,0.0,62
0,276,0.009295042485262974,0.029921259842519688,0.0,0.0,0.0,0.0,0.0,0.0,36.379453760711776,0.0,0.0,63
0,276,0.009295042485262974,0.029921259842519688,0.0,0.0,0.0,0.0,0.0,0.0,36.379453760711776,0.0,0.0,63
0,277,0.019963806791900327,0.0,0.0,0.0,0.0,0.0,0.0,0.0,36.49781644323507,0.0,0.0,64
0,277,0.019963806791900327,0.0,0.0,0.0,0.0,0.0,0.0,0.0,36.49781644323507,0.0,0.0,64
0,278,0.007790708230838091,0.0,0.0,0.0,0.0,0.0,0.0,0.0,36.56736179493538,0.0,0.0,65
0,278,0.007790708230838091,0.0,0.0,0.0,0.0,0.0,0.0,0.0,36.56736179493538,0.0,0.0,65
0,279,0.0033967446051009,0.0,0.0,0.0,0.0,0.0,0.0,0.0,36.60605383767391,0.0,0.0,66
0,279,0.0033967446051009,0.0,0.0,0.0,0.0,0.0,0.0,0.0,36.60605383767391,0.0,0.0,66
0,280,0.005071472108259427,0.0,0.0,0.0,0.0,0.0,0.0,0.0,36.6525510634657,0.0,0.0,67
0,280,0.005071472108259427,0.0,0.0,0.0,0.0,0.0,0.0,0.0,36.6525510634657,0.0,0.0,67
0,281,0.0022859679023871297,0.37992125984251973,0.0,0.0,0.0,0.0,0.0,0.0,36.68545323644864,0.0,0.0,68
0,281,0.0022859679023871297,0.37992125984251973,0.0,0.0,0.0,0.0,0.0,0.0,36.68545323644864,0.0,0.0,68
0,282,0.08228346456692913,0.0,0.0,0.0,0.0,0.0,0.0,0.0,36.749656095348236,0.0,0.0,69
0,282,0.08228346456692913,0.0,0.0,0.0,0.0,0.0,0.0,0.0,36.749656095348236,0.0,0.0,69
0,283,0.05586614173228348,0.0,0.0,0.0,0.0,0.0,0.0,0.0,36.79758031808503,0.0,0.0,70
0,283,0.05586614173228348,0.0,0.0,0.0,0.0,0.0,0.0,0.0,36.79758031808503,0.0,0.0,70
0,284,0.06409448818897638,0.0,0.0,0.0,0.0,0.0,0.0,0.0,36.84437639503126,0.0,0.0,71
0,284,0.06409448818897638,0.0,0.0,0.0,0.0,0.0,0.0,0.0,36.84437639503126,0.0,0.0,71
0,285,0.030056982100509378,0.0,0.0,0.0,0.0,0.0,0.0,0.0,36.89016871245261,0.0,0.0,72
0,285,0.030056982100509378,0.0,0.0,0.0,0.0,0.0,0.0,0.0,36.89016871245261,0.0,0.0,72
0,286,0.02821712808958779,0.0,0.0,0.0,0.0,0.0,0.0,0.0,36.96504951728822,0.0,0.0,73
0,286,0.02821712808958779,0.0,0.0,0.0,0.0,0.0,0.0,0.0,36.96504951728822,0.0,0.0,73
0,287,0.01931163526993029,0.0,0.0,0.0,0.0,0.0,0.0,0.0,37.04622270021293,0.0,0.0,74
0,287,0.01931163526993029,0.0,0.0,0.0,0.0,0.0,0.0,0.0,37.04622270021293,0.0,0.0,74
0,288,0.0137138806172531,0.0,0.0,0.0,0.0,0.0,0.0,0.0,37.11581048168615,0.0,0.0,75
0,288,0.0137138806172531,0.0,0.0,0.0,0.0,0.0,0.0,0.0,37.11581048168615,0.0,0.0,75
0,289,0.012045498610996967,0.0,0.0,0.0,0.0,0.0,0.0,0.0,37.19097342510212,0.0,0.0,76
0,289,0.012045498610996967,0.0,0.0,0.0,0.0,0.0,0.0,0.0,37.19097342510212,0.0,0.0,76
0,290,0.012536238457365822,0.0,0.0,0.0,0.0,0.0,0.0,0.0,37.272572751237334,0.0,0.0,77
0,290,0.012536238457365822,0.0,0.0,0.0,0.0,0.0,0.0,0.0,37.272572751237334,0.0,0.0,77
0,291,0.008531780322894129,0.0,0.0,0.0,0.0,0.0,0.0,0.0,37.320503130029635,0.0,0.0,78
0,291,0.008531780322894129,0.0,0.0,0.0,0.0,0.0,0.0,0.0,37.320503130029635,0.0,0.0,78
0,292,0.008063185010807442,0.0,0.0,0.0,0.0,0.0,0.0,0.0,37.37582266151056,0.0,0.0,79
0,292,0.008063185010807442,0.0,0.0,0.0,0.0,0.0,0.0,0.0,37.37582266151056,0.0,0.0,79
0,293,0.005667380774217608,0.0,0.0,0.0,0.0,0.0,0.0,0.0,37.4134368665711,0.0,0.0,80
0,293,0.005667380774217608,0.0,0.0,0.0,0.0,0.0,0.0,0.0,37.4134368665711,0.0,0.0,80
0,294,0.004287130908863285,0.0,0.0,0.0,0.0,0.0,0.0,0.0,37.45189844639823,0.0,0.0,81
0,294,0.004287130908863285,0.0,0.0,0.0,0.0,0.0,0.0,0.0,37.45189844639823,0.0,0.0,81
0,295,0.004786887252676225,0.0,0.0,0.0,0.0,0.0,0.0,0.0,37.5026521944572,0.0,0.0,82
0,295,0.004786887252676225,0.0,0.0,0.0,0.0,0.0,0.0,0.0,37.5026521944572,0.0,0.0,82
0,296,0.007298920718039006,0.0,0.0,0.0,0.0,0.0,0.0,0.0,37.55281458913426,0.0,0.0,83
0,296,0.007298920718039006,0.0,0.0,0.0,0.0,0.0,0.0,0.0,37.55281458913426,0.0,0.0,83
0,297,0.003633741529564051,0.0,0.0,0.0,0.0,0.0,0.0,0.0,37.58920335095696,0.0,0.0,84
0,297,0.003633741529564051,0.0,0.0,0.0,0.0,0.0,0.0,0.0,37.58920335095696,0.0,0.0,84
0,298,0.0028638473919390035,0.0,0.0,0.0,0.0,0.0,0.0,77.0,114.62007842955606,0.0,0.0,85
0,298,0.0028638473919390035,0.0,0.0,0.0,0.0,0.0,0.0,77.0,114.62007842955606,0.0,0.0,85
0,299,0.001892429751785954,0.12992125984251968,0.0,0.0,0.0,0.0,0.0,0.0,114.64305831306433,0.0,0.0,86
0,299,0.001892429751785954,0.12992125984251968,0.0,0.0,0.0,0.0,0.0,0.0,114.64305831306433,0.0,0.0,86
0,300,0.012291659765719089,0.00984251968503937,0.0,0.0,0.0,0.0,0.0,0.0,114.68871155957645,0.0,0.0,87
0,300,0.012291659765719089,0.00984251968503937,0.0,0.0,0.0,0.0,0.0,0.0,114.68871155957645,0.0,0.0,87
0,301,0.010710946711015107,0.05,0.0,0.0,0.0,0.0,0.0,0.0,114.7266534728986,0.0,0.0,88
0,301,0.010710946711015107,0.05,0.0,0.0,0.0,0.0,0.0,0.0,114.7266534728986,0.0,0.0,88
0,302,0.0337036728203334,0.2799212598425197,0.0,0.0,0.0,0.0,0.0,0.0,114.80310322156969,0.0,0.0,89
0,302,0.0337036728203334,0.2799212598425197,0.0,0.0,0.0,0.0,0.0,0.0,114.80310322156969,0.0,0.0,89
1,303,0.042736574135168306,0.39015748031496067,0.0,0.0024090400445637115,0.0,0.0,0.1724026129273971,0.0,114.80310322156969,0.0,0.0,90
1,303,0.042736574135168306,0.39015748031496067,0.0,0.0024090400445637115,0.0,0.0,0.1724026129273971,0.0,114.80310322156969,0.0,0.0,90
2,304,0.037374127839682865,0.0,0.0,0.003864354966115737,0.0,0.0,0.15475593872505916,0.0,114.71079182279168,0.0,0.0,91
2,304,0.037374127839682865,0.0,0.0,0.003864354966115737,0.0,0.0,0.15475593872505916,0.0,114.71079182279168,0.0,0.0,91
3,305,0.018286345208211045,0.0,0.0,0.004637327597066036,0.0,0.0,0.08734132083527982,0.0,114.61966349497784,0.0,0.0,92
3,305,0.018286345208211045,0.0,0.0,0.004637327597066036,0.0,0.0,0.08734132083527982,0.0,114.61966349497784,0.0,0.0,92
4,306,0.010483203272355237,0.00984251968503937,0.0,0.005133826206194023,0.0,0.0,0.05194063534967331,0.0,114.57793346962114,0.0,0.0,93
4,306,0.010483203272355237,0.00984251968503937,0.0,0.005133826206194023,0.0,0.0,0.05194063534967331,0.0,114.57793346962114,0.0,0.0,93
5,307,0.017630860147578083,0.0,0.0,0.005922907768806498,0.0,0.0,0.08110104089300922,0.0,114.55024691015055,0.0,0.0,94
5,307,0.017630860147578083,0.0,0.0,0.005922907768806498,0.0,0.0,0.08110104089300922,0.0,114.55024691015055,0.0,0.0,94
6,308,0.009614810702174743,0.0,0.0,0.0064125742739889295,0.0,0.0,0.048895835867106476,0.0,114.51308028601362,0.0,0.0,95
6,308,0.009614810702174743,0.0,0.0,0.0064125742739889295,0.0,0.0,0.048895835867106476,0.0,114.51308028601362,0.0,0.0,95
7,309,0.01091342113052454,0.0,0.0,0.0069673395870759585,0.0,0.0,0.05318111964569051,0.0,114.50515270767865,0.0,0.0,96
7,309,0.01091342113052454,0.0,0.0,0.0069673395870759585,0.0,0.0,0.05318111964569051,0.0,114.50515270767865,0.0,0.0,96
8,310,0.015011546095286658,0.07992125984251969,0.0,0.00770950220921285,0.0,0.0,0.07355181591436279,0.0,114.49996751559199,0.0,0.0,97
8,310,0.015011546095286658,0.07992125984251969,0.0,0.00770950220921285,0.0,0.0,0.07355181591436279,0.0,114.49996751559199,0.0,0.0,97
9,311,0.014867677378797609,0.6700787401574804,0.0,0.008470776690344906,0.0,0.0,0.07633238973002207,0.0,114.4778883265977,0.0,0.0,98
9,311,0.014867677378797609,0.6700787401574804,0.0,0.008470776690344906,0.0,0.0,0.07633238973002207,0.0,114.4778883265977,0.0,0.0,98
10,312,0.015560616254622522,0.00984251968503937,0.0,0.0006530791995257416,0.0,0.0,0.07033675581101084,0.0,115.46851156072152,0.0,0.0,99
10,312,0.015560616254622522,0.00984251968503937,0.0,0.0006530791995257416,0.0,0.0,0.07033675581101084,0.0,115.46851156072152,0.0,0.0,99
11,313,0.006765780498815634,0.0,0.0,0.0009380442927582439,0.0,0.0,0.04125399437667612,0.0,115.45811521118831,0.0,0.0,100
11,313,0.006765780498815634,0.0,0.0,0.0009380442927582439,0.0,0.0,0.04125399437667612,0.0,115.45811521118831,0.0,0.0,100
12,314,0.0059195543394325026,0.0,0.0,0.001190285656993252,0.0,0.0,0.033894453963689876,0.0,115.45046520240318,0.0,0.0,101
12,314,0.0059195543394325026,0.0,0.0,0.001190285656993252,0.0,0.0,0.033894453963689876,0.0,115.45046520240318,0.0,0.0,101
13,315,0.0038225304111778407,0.0,0.0,0.0013532527674989965,0.0,0.0,0.023410620394331984,0.0,115.445879493287,0.0,0.0,102
13,315,0.0038225304111778407,0.0,0.0,0.0013532527674989965,0.0,0.0,0.023410620394331984,0.0,115.445879493287,0.0,0.0,102
14,316,0.0024745128004682276,0.0,0.0,0.0014618485886335488,0.0,0.0,0.016087884955750954,0.0,115.44002351453595,0.0,0.0,103
14,316,0.0024745128004682276,0.0,0.0,0.0014618485886335488,0.0,0.0,0.016087884955750954,0.0,115.44002351453595,0.0,0.0,103
15,317,0.006668621037880646,0.0,0.0,0.0017631776817050569,0.0,0.0,0.03452055976782691,0.0,115.42704832445487,0.0,0.0,104
15,317,0.006668621037880646,0.0,0.0,0.0017631776817050569,0.0,0.0,0.03452055976782691,0.0,115.42704832445487,0.0,0.0,104
16,318,0.006213944732853159,0.00984251968503937,0.0,0.002049114737435208,0.0,0.0,0.03624004283492958,0.0,115.39747421240108,0.0,0.0,105
16,318,0.006213944732853159,0.00984251968503937,0.0,0.002049114737435208,0.0,0.0,0.03624004283492958,0.0,115.39747421240108,0.0,0.0,105
17,319,0.010719736545987322,0.0,0.0,0.002556797920444525,0.0,0.0,0.06008131550088965,0.0,115.36492046718281,0.0,0.0,106
17,319,0.010719736545987322,0.0,0.0,0.002556797920444525,0.0,0.0,0.06008131550088965,0.0,115.36492046718281,0.0,0.0,106
18,320,0.006981589344446041,0.0,0.0,0.0028901262810720153,0.0,0.0,0.04655991417573812,0.0,115.30809964800983,0.0,0.0,107
18,320,0.006981589344446041,0.0,0.0,0.0028901262810720153,0.0,0.0,0.04655991417573812,0.0,115.30809964800983,0.0,0.0,107
19,321,0.0070740959478964045,0.00984251968503937,0.0,0.0032279756154903216,0.0,0.0,0.04550960509855181,0.0,115.26555271834658,0.0,0.0,108
19,321,0.0070740959478964045,0.00984251968503937,0.0,0.0032279756154903216,0.0,0.0,0.04550960509855181,0.0,115.26555271834658,0.0,0.0,108
20,322,0.0004159117343954186,0.020078740157480318,0.0,0.003236037977205931,0.0,0.0,0.010792355238382467,0.0,115.23434054459575,0.0,0.0,109
20,322,0.0004159117343954186,0.020078740157480318,0.0,0.003236037977205931,0.0,0.0,0.010792355238382467,0.0,115.23434054459575,0.0,0.0,109
21,323,0.01627228276436286,0.1799212598425197,0.0,0.004052546252111172,0.0,0.0,0.09086085516870726,0.0,115.2416257549237,0.0,0.0,110
21,323,0.01627228276436286,0.1799212598425197,0.0,0.004052546252111172,0.0,0.0,0.09086085516870726,0.0,115.2416257549237,0.0,0.0,110
22,324,0.029711381213929564,0.0,0.0,0.0014947138309361076,0.0,0.0,0.16941448311594987,0.0,115.2795787808687,0.0,0.0,111
22,324,0.029711381213929564,0.0,0.0,0.0014947138309361076,0.0,0.0,0.16941448311594987,0.0,115.2795787808687,0.0,0.0,111
23,325,0.0004229744801269325,0.0,0.0,0.001509252817702757,0.0,0.0,0.0365281670409629,0.0,115.1559920081794,0.0,0.0,112
23,325,0.0004229744801269325,0.0,0.0,0.001509252817702757,0.0,0.0,0.0365281670409629,0.0,115.1559920081794,0.0,0.0,112
24,326,0.002060080397360861,0.05,0.0,0.001613767430130697,0.0,0.0,0.02269327016033042,0.0,115.14879724369356,0.0,0.0,113
24,326,0.002060080397360861,0.05,0.0,0.001613767430130697,0.0,0.0,0.02269327016033042,0.0,115.14879724369356,0.0,0.0,113
25,327,0.0041341829435981884,0.10984251968503937,0.0,0.00022765740784874995,0.0,0.0,0.029599570607028208,0.0,115.14938787075263,0.0,0.0,114
25,327,0.0041341829435981884,0.10984251968503937,0.0,0.00022765740784874995,0.0,0.0,0.029599570607028208,0.0,115.14938787075263,0.0,0.0,114
26,328,0.015486220505195852,0.0,0.0,0.0008636371549151944,0.0,0.0,0.095428996280905,0.0,115.22076042829919,0.0,0.0,115
26,328,0.015486220505195852,0.0,0.0,0.0008636371549151944,0.0,0.0,0.095428996280905,0.0,115.22076042829919,0.0,0.0,115
27,329,0.0004188643151791617,0.029921259842519688,0.0,0.0008811682314222618,0.0,0.0,0.023573157023707717,0.0,115.16204466852312,0.0,0.0,116
27,329,0.0004188643151791617,0.029921259842519688,0.0,0.0008811682314222618,0.0,0.0,0.023573157023707717,0.0,115.16204466852312,0.0,0.0,116
28,330,0.0032952553750316004,0.00984251968503937,0.0,0.00019216554887370655,0.0,0.0,0.028018673035151688,0.0,115.17594388901034,0.0,0.0,117
28,330,0.0032952553750316004,0.00984251968503937,0.0,0.00019216554887370655,0.0,0.0,0.028018673035151688,0.0,115.17594388901034,0.0,0.0,117
29,331,0.008748218194876797,0.0,0.0,0.0005182336911570385,0.0,0.0,0.061840776498699394,0.0,115.16241645269002,0.0,0.0,118
29,331,0.008748218194876797,0.0,0.0,0.0005182336911570385,0.0,0.0,0.061840776498699394,0.0,115.16241645269002,0.0,0.0,118
30,332,0.012717194021610765,0.0,0.0,0.0012714397332143617,0.0,0.0,0.09522339927160972,0.0,115.11924412379406,0.0,0.0,119
30,332,0.012717194021610765,0.0,0.0,0.0012714397332143617,0.0,0.0,0.09522339927160972,0.0,115.11924412379406,0.0,0.0,119
31,333,0.0004112358190166551,0.0,0.0,0.001287006720789353,0.0,0.0,0.02486209260575505,0.0,115.06508155456734,0.0,0.0,120
31,333,0.0004112358190166551,0.0,0.0,0.001287006720789353,0.0,0.0,0.02486209260575505,0.0,115.06508155456734,0.0,0.0,120
32,334,0.00041976875098593994,0.0,0.0,0.0013024097986066357,0.0,0.0,0.011022446582368162,0.0,115.06718341657158,0.0,0.0,121
32,334,0.00041976875098593994,0.0,0.0,0.0013024097986066357,0.0,0.0,0.011022446582368162,0.0,115.06718341657158,0.0,0.0,121
33,335,0.0004133892656003695,0.0,0.0,0.0013176297618860498,0.0,0.0,0.006369661400314067,0.0,115.07744658657889,0.0,0.0,122
33,335,0.0004133892656003695,0.0,0.0,0.0013176297618860498,0.0,0.0,0.006369661400314067,0.0,115.07744658657889,0.0,0.0,122
34,336,0.0036465562398399908,0.0,0.0,0.0015515987938860404,0.0,0.0,0.029256547328800845,0.0,115.08216522124361,0.0,0.0,123
34,336,0.0036465562398399908,0.0,0.0,0.0015515987938860404,0.0,0.0,0.029256547328800845,0.0,115.08216522124361,0.0,0.0,123
35,337,0.008024719952057545,0.00984251968503937,0.0,0.0020953281633101757,0.0,0.0,0.06950681004513394,0.0,115.05667335039368,0.0,0.0,124
35,337,0.008024719952057545,0.00984251968503937,0.0,0.0020953281633101757,0.0,0.0,0.06950681004513394,0.0,115.05667335039368,0.0,0.0,124
36,338,0.001601887211001949,0.0,0.0,0.0021902880527259567,0.0,0.0,0.029110614094428517,0.0,114.98843742969173,0.0,0.0,125
36,338,0.001601887211001949,0.0,0.0,0.0021902880527259567,0.0,0.0,0.029110614094428517,0.0,114.98843742969173,0.0,0.0,125
37,339,0.008805193688937892,0.0,0.0,0.0028084548437518446,0.0,0.0,0.08187334335098907,0.0,114.96149889224834,0.0,0.0,126
37,339,0.008805193688937892,0.0,0.0,0.0028084548437518446,0.0,0.0,0.08187334335098907,0.0,114.96149889224834,0.0,0.0,126
38,340,0.009199461054434786,0.0,0.0,0.0034634603735172256,0.0,0.0,0.09871232884919899,0.0,114.88068082533843,0.0,0.0,127
38,340,0.009199461054434786,0.0,0.0,0.0034634603735172256,0.0,0.0,0.09871232884919899,0.0,114.88068082533843,0.0,0.0,127
39,341,0.008344042109636598,0.0,0.0,0.004065523130287615,0.0,0.0,0.09914535961835243,0.0,114.7826357535991,0.0,0.0,128
39,341,0.008344042109636598,0.0,0.0,0.004065523130287615,0.0,0.0,0.09914535961835243,0.0,114.7826357535991,0.0,0.0,128
40,342,0.0032003640544743936,0.0,0.0,0.004274006934838067,0.0,0.0,0.054311199447098404,0.0,114.68487131011668,0.0,0.0,129
40,342,0.0032003640544743936,0.0,0.0,0.004274006934838067,0.0,0.0,0.054311199447098404,0.0,114.68487131011668,0.0,0.0,129
41,343,0.0004095870257274427,0.1,0.0,0.00426447317959439,0.0,0.0,0.017804895375420408,0.0,114.63074964882195,0.0,0.0,130
41,343,0.0004095870257274427,0.1,0.0,0.00426447317959439,0.0,0.0,0.017804895375420408,0.0,114.63074964882195,0.0,0.0,130
42,344,0.00039964888388734874,0.07007874015748032,0.0,2.491251538992397e-05,0.0,0.0,0.009795652707783924,0.0,114.65067875873252,0.0,0.0,131
42,344,0.00039964888388734874,0.07007874015748032,0.0,2.491251538992397e-05,0.0,0.0,0.009795652707783924,0.0,114.65067875873252,0.0,0.0,131
43,345,0.006377091467454219,0.05,0.0,0.0005141075915096858,0.0,0.0,0.06661993284261031,0.0,114.69035744378941,0.0,0.0,132
43,345,0.006377091467454219,0.05,0.0,0.0005141075915096858,0.0,0.0,0.06661993284261031,0.0,114.69035744378941,0.0,0.0,132
44,346,0.008401848322906172,0.020078740157480318,0.0,0.0006895926458801337,0.0,0.0,0.10158915425839969,0.0,114.65671349776373,0.0,0.0,133
44,346,0.008401848322906172,0.020078740157480318,0.0,0.0006895926458801337,0.0,0.0,0.10158915425839969,0.0,114.65671349776373,0.0,0.0,133
45,347,0.007949077373027255,0.00984251968503937,0.0,0.0006682238947778701,0.0,0.0,0.1110118001664413,0.0,114.5678628401328,0.0,0.0,134
45,347,0.007949077373027255,0.00984251968503937,0.0,0.0006682238947778701,0.0,0.0,0.1110118001664413,0.0,114.5678628401328,0.0,0.0,134
46,348,0.0004045831266009149,0.00984251968503937,0.0,2.5447949005026935e-05,0.0,0.0,0.03383557859421287,0.0,114.4603312563937,0.0,0.0,135
46,348,0.0004045831266009149,0.00984251968503937,0.0,2.5447949005026935e-05,0.0,0.0,0.03383557859421287,0.0,114.4603312563937,0.0,0.0,135
47,349,0.0004018694257681052,0.05,0.0,2.5525598436387576e-05,0.0,0.0,0.017369670362513266,0.0,114.43484079956198,0.0,0.0,136
47,349,0.0004018694257681052,0.05,0.0,2.5525598436387576e-05,0.0,0.0,0.017369670362513266,0.0,114.43484079956198,0.0,0.0,136
48,350,0.024676494902847863,0.040157480314960636,0.0,0.0020948478547019533,0.0,0.0,0.2751088586186944,0.0,114.45121690890291,0.0,0.0,137
48,350,0.024676494902847863,0.040157480314960636,0.0,0.0020948478547019533,0.0,0.0,0.2751088586186944,0.0,114.45121690890291,0.0,0.0,137
49,351,0.022563757108936485,0.0,0.0,0.0018760581977175406,0.0,0.0,0.3180644890052884,0.0,114.23380909994478,0.0,0.0,138
49,351,0.022563757108936485,0.0,0.0,0.0018760581977175406,0.0,0.0,0.3180644890052884,0.0,114.23380909994478,0.0,0.0,138
50,352,0.0004184768464007358,0.0,0.0,0.0018828473475444216,0.0,0.0,0.0940684113392477,0.0,113.93750055314274,0.0,0.0,139
50,352,0.0004184768464007358,0.0,0.0,0.0018828473475444216,0.0,0.0,0.0940684113392477,0.0,113.93750055314274,0.0,0.0,139
51,353,0.0004066554592135756,0.0,0.0,0.0018889533416606976,0.0,0.0,0.043438363406808685,0.0,113.85535517746925,0.0,0.0,140
51,353,0.0004066554592135756,0.0,0.0,0.0018889533416606976,0.0,0.0,0.043438363406808685,0.0,113.85535517746925,0.0,0.0,140
52,354,0.004796058353090381,0.0,0.0,0.0023131078964370665,0.0,0.0,0.08102410621692802,0.0,113.82022999291766,0.0,0.0,141
52,354,0.004796058353090381,0.0,0.0,0.0023131078964370665,0.0,0.0,0.08102410621692802,0.0,113.82022999291766,0.0,0.0,141
53,355,0.0004141982561292062,0.0,0.0,0.002313265671035348,0.0,0.0,0.027884968392043685,0.0,113.74274059697552,0.0,0.0,142
53,355,0.0004141982561292062,0.0,0.0,0.002313265671035348,0.0,0.0,0.027884968392043685,0.0,113.74274059697552,0.0,0.0,142
54,356,0.00040545686816980466,0.0,0.0,0.002312637887267316,0.0,0.0,0.016529885964847755,0.0,113.7186254265134,0.0,0.0,143
54,356,0.00040545686816980466,0.0,0.0,0.002312637887267316,0.0,0.0,0.016529885964847755,0.0,113.7186254265134,0.0,0.0,143
55,357,0.0020109391828828363,0.0,0.0,0.0024704260022526455,0.0,0.0,0.03551499118532224,0.0,113.70295703619867,0.0,0.0,144
55,357,0.0020109391828828363,0.0,0.0,0.0024704260022526455,0.0,0.0,0.03551499118532224,0.0,113.70295703619867,0.0,0.0,144
56,358,0.002765281404413124,0.00984251968503937,0.0,0.002708637953818014,0.0,0.0,0.05227501416841217,0.0,113.669806446831,0.0,0.0,145
56,358,0.002765281404413124,0.00984251968503937,0.0,0.002708637953818014,0.0,0.0,0.05227501416841217,0.0,113.669806446831,0.0,0.0,145
57,359,0.010221463197396825,0.0,0.0,0.0037241170882757347,0.0,0.0,0.17594160445263096,0.0,113.61885438147567,0.0,0.0,146
57,359,0.010221463197396825,0.0,0.0,0.0037241170882757347,0.0,0.0,0.17594160445263096,0.0,113.61885438147567,0.0,0.0,146
58,360,0.008748991906739282,0.0,0.0,0.004574776796924435,0.0,0.0,0.19116506735920055,0.0,113.44524996213643,0.0,0.0,147
58,360,0.008748991906739282,0.0,0.0,0.004574776796924435,0.0,0.0,0.19116506735920055,0.0,113.44524996213643,0.0,0.0,147
59,361,0.008600819793809833,0.0,0.0,0.005383234094732809,0.0,0.0,0.19766873029803778,0.0,113.25506138172905,0.0,0.0,148
59,361,0.008600819793809833,0.0,0.0,0.005383234094732809,0.0,0.0,0.19766873029803778,0.0,113.25506138172905,0.0,0.0,148
60,362,0.009332825261940606,0.0,0.0,0.006275725389418886,0.0,0.0,0.21897492668865012,0.0,113.06324490335716,0.0,0.0,149
60,362,0.009332825261940606,0.0,0.0,0.006275725389418886,0.0,0.0,0.21897492668865012,0.0,113.06324490335716,0.0,0.0,149
61,363,0.007647924038192068,0.0,0.0,0.0069940931391076835,0.0,0.0,0.20276105283562257,0.0,112.87607444253554,0.0,0.0,150
61,363,0.007647924038192068,0.0,0.0,0.0069940931391076835,0.0,0.0,0.20276105283562257,0.0,112.87607444253554,0.0,0.0,150
62,364,0.000410449609494858,0.0,0.0,0.0069259642164245915,0.0,0.0,0.061876983393151945,0.0,112.70095646850825,0.0,0.0,151
62,364,0.000410449609494858,0.0,0.0,0.0069259642164245915,0.0,0.0,0.061876983393151945,0.0,112.70095646850825,0.0,0.0,151
63,365,0.0046506932848843175,0.00984251968503937,0.0,0.0073405520779336285,0.0,0.0,0.12493854754764937,0.0,112.65309477496129,0.0,0.0,152
63,365,0.0046506932848843175,0.00984251968503937,0.0,0.0073405520779336285,0.0,0.0,0.12493854754764937,0.0,112.65309477496129,0.0,0.0,152
64,1,0.007980711146009643,0.30000000000000004,0.0,0.008063899581870372,0.0,0.0,0.18725886256852664,0.0,112.53044257788099,0.0,0.0,-212
64,1,0.007980711146009643,0.30000000000000004,0.0,0.008063899581870372,0.0,0.0,0.18725886256852664,0.0,112.53044257788099,0.0,0.0,-212
65,2,0.008137863981835665,0.059842519685039376,0.0,0.0008784743420216635,0.0,0.0,0.20423933528136295,0.0,112.55036313072429,0.0,0.0,-211
65,2,0.008137863981835665,0.059842519685039376,0.0,0.0008784743420216635,0.0,0.0,0.20423933528136295,0.0,112.55036313072429,0.0,0.0,-211
66,3,0.0004125174563636171,0.0,0.0,2.4417942328587245e-05,0.0,0.0,0.07625186969833316,0.0,112.40583189303595,0.0,0.0,-210
66,3,0.0004125174563636171,0.0,0.0,2.4417942328587245e-05,0.0,0.0,0.07625186969833316,0.0,112.40583189303595,0.0,0.0,-210
67,4,0.00040342974808465126,0.0,0.0,4.888730718590986e-05,0.0,0.0,0.04376033139226552,0.0,112.34717239844773,0.0,0.0,-209
67,4,0.00040342974808465126,0.0,0.0,4.888730718590986e-05,0.0,0.0,0.04376033139226552,0.0,112.34717239844773,0.0,0.0,-209
68,5,0.00040010547121931004,0.0,0.0,7.34257780626092e-05,0.0,0.0,0.028250209313900043,0.0,112.30929351225596,0.0,0.0,-208
68,5,0.00040010547121931004,0.0,0.0,7.34257780626092e-05,0.0,0.0,0.028250209313900043,0.0,112.30929351225596,0.0,0.0,-208
69,6,0.0016007962690563976,0.0,0.0,0.00023789903507492196,0.0,0.0,0.04681761281303599,0.0,112.28624150214058,0.0,0.0,-207
69,6,0.0016007962690563976,0.0,0.0,0.00023789903507492196,0.0,0.0,0.04681761281303599,0.0,112.28624150214058,0.0,0.0,-207
70,7,0.007307056381222315,0.0,0.0,0.001059843444798228,0.0,0.0,0.1718143403546936,0.0,112.24790834910719,0.0,0.0,-206
70,7,0.007307056381222315,0.0,0.0,0.001059843444798228,0.0,0.0,0.1718143403546936,0.0,112.24790834910719,0.0,0.0,-206
71,8,0.006105561244002802,0.0,0.0,0.001734892501569925,0.0,0.0,0.19409186084623908,0.0,112.10449136731675,0.0,0.0,-205
71,8,0.006105561244002802,0.0,0.0,0.001734892501569925,0.0,0.0,0.19409186084623908,0.0,112.10449136731675,0.0,0.0,-205
72,9,0.005028431896906313,0.00984251968503937,0.0,0.002310071465603445,0.0,0.0,0.19321201040922936,0.0,111.93278043007234,0.0,0.0,-204
72,9,0.005028431896906313,0.00984251968503937,0.0,0.002310071465603445,0.0,0.0,0.19321201040922936,0.0,111.93278043007234,0.0,0.0,-204
73,10,0.0004022208982470457,0.0,0.0,0.002304412249026394,0.0,0.0,0.0773738681234871,0.0,111.7512043954486,0.0,0.0,-203
73,10,0.0004022208982470457,0.0,0.0,0.002304412249026394,0.0,0.0,0.0773738681234871,0.0,111.7512043954486,0.0,0.0,-203
74,11,0.01659663625185823,0.0,0.0,0.004233624238832833,0.0,0.0,0.43790085932172657,0.0,111.69656516970258,0.0,0.0,-202
74,11,0.01659663625185823,0.0,0.0,0.004233624238832833,0.0,0.0,0.43790085932172657,0.0,111.69656516970258,0.0,0.0,-202
75,12,0.05155567521982143,0.0,0.0,0.009556329937299669,0.0,0.0,1.2509633899426353,0.0,111.26664673351421,0.0,0.0,-201
75,12,0.05155567521982143,0.0,0.0,0.009556329937299669,0.0,0.0,1.2509633899426353,0.0,111.26664673351421,0.0,0.0,-201
76,13,0.0004217660175413277,0.0,0.0,0.009450080671507731,0.0,0.0,0.4120473596884726,0.0,110.01637458734604,0.0,0.0,-200
76,13,0.0004217660175413277,0.0,0.0,0.009450080671507731,0.0,0.0,0.4120473596884726,0.0,110.01637458734604,0.0,0.0,-200
77,14,0.0004073011491694485,0.0,0.0,0.009343003787139656,0.0,0.0,0.23383957132309582,0.0,109.60437277156085,0.0,0.0,-199
77,14,0.0004073011491694485,0.0,0.0,0.009343003787139656,0.0,0.0,0.23383957132309582,0.0,109.60437277156085,0.0,0.0,-199
78,15,0.0004056287775315628,0.0,0.0,0.00923516555880158,0.0,0.0,0.13936402048248625,0.0,109.37053673508939,0.0,0.0,-198
78,15,0.0004056287775315628,0.0,0.0,0.00923516555880158,0.0,0.0,0.13936402048248625,0.0,109.37053673508939,0.0,0.0,-198
79,16,0.0003897974427622535,0.0,0.0,0.009126701969948511,0.0,0.0,0.08763787223129847,0.0,109.23117301123884,0.0,0.0,-197
79,16,0.0003897974427622535,0.0,0.0,0.009126701969948511,0.0,0.0,0.08763787223129847,0.0,109.23117301123884,0.0,0.0,-197
80,17,0.006004538125325957,0.040157480314960636,0.0,0.009768325882761523,0.0,0.0,0.2356433626822638,0.0,109.14353513900754,0.0,0.0,-196
80,17,0.006004538125325957,0.040157480314960636,0.0,0.009768325882761523,0.0,0.0,0.2356433626822638,0.0,109.14353513900754,0.0,0.0,-196
81,18,0.0037273948082847865,0.040157480314960636,0.0,0.01010165488160364,0.0,0.0,0.20871784232297047,0.0,108.908562606077,0.0,0.0,-195
81,18,0.0037273948082847865,0.040157480314960636,0.0,0.01010165488160364,0.0,0.0,0.20871784232297047,0.0,108.908562606077,0.0,0.0,-195
82,19,0.006696105389422864,0.10984251968503937,0.0,0.0028196912182606457,0.0,0.0,0.3011621718043982,0.0,108.71435751275673,0.0,0.0,-194
82,19,0.006696105389422864,0.10984251968503937,0.0,0.0028196912182606457,0.0,0.0,0.3011621718043982,0.0,108.71435751275673,0.0,0.0,-194
83,20,0.0060062160214777,0.1,0.0,0.0007799205990714717,0.0,0.0,0.30225825931554423,0.0,108.47486432213853,0.0,0.0,-193
83,20,0.0060062160214777,0.1,0.0,0.0007799205990714717,0.0,0.0,0.30225825931554423,0.0,108.47486432213853,0.0,0.0,-193
84,21,0.004297936716711281,0.25984251968503935,0.0,0.0005275069431473372,0.0,0.0,0.24387207469999686,0.0,108.22061016700647,0.0,0.0,-192
84,21,0.004297936716711281,0.25984251968503935,0.0,0.0005275069431473372,0.0,0.0,0.24387207469999686,0.0,108.22061016700647,0.0,0.0,-192
85,22,0.00040135817974766384,0.0,0.0,1.6669232599453467e-05,0.0,0.0,0.14169629002615475,0.0,108.03274981333531,0.0,0.0,-191
85,22,0.00040135817974766384,0.0,0.0,1.6669232599453467e-05,0.0,0.0,0.14169629002615475,0.0,108.03274981333531,0.0,0.0,-191
86,23,0.013488261801966973,0.00984251968503937,0.0,0.00162722935403084,0.0,0.0,0.42376420530594505,0.0,107.90188243630504,0.0,0.0,-190
86,23,0.013488261801966973,0.00984251968503937,0.0,0.00162722935403084,0.0,0.0,0.42376420530594505,0.0,107.90188243630504,0.0,0.0,-190
87,24,0.0020576237999972956,0.0,0.0,0.0010000391587342754,0.0,0.0,0.25951093804974606,0.0,107.49003345261364,0.0,0.0,-189
87,24,0.0020576237999972956,0.0,0.0,0.0010000391587342754,0.0,0.0,0.25951093804974606,0.0,107.49003345261364,0.0,0.0,-189
88,25,0.01347865832460137,0.0,0.0,0.002721932454880045,0.0,0.0,0.5292153186267092,0.0,107.24149186446573,0.0,0.0,-188
88,25,0.01347865832460137,0.0,0.0,0.002721932454880045,0.0,0.0,0.5292153186267092,0.0,107.24149186446573,0.0,0.0,-188
89,26,0.013113302610441106,0.0,0.0,0.004326561469116815,0.0,0.0,0.6299777145458594,0.0,106.71310165271728,0.0,0.0,-187
89,26,0.013113302610441106,0.0,0.0,0.004326561469116815,0.0,0.0,0.6299777145458594,0.0,106.71310165271728,0.0,0.0,-187
90,27,0.0058578651403081595,0.0,0.0,0.005030237936624048,0.0,0.0,0.5004738941855286,0.0,106.08313475094484,0.0,0.0,-186
90,27,0.0058578651403081595,0.0,0.0,0.005030237936624048,0.0,0.0,0.5004738941855286,0.0,106.08313475094484,0.0,0.0,-186
91,28,0.006182594490570558,0.0,0.0,0.005781076939764977,0.0,0.0,0.4652260995942326,0.0,105.5826608567593,0.0,0.0,-185
91,28,0.006182594490570558,0.0,0.0,0.005781076939764977,0.0,0.0,0.4652260995942326,0.0,105.5826608567593,0.0,0.0,-185
92,29,0.007168014047744709,0.0,0.0,0.006684611666804475,0.0,0.0,0.4827887069977542,0.0,105.1174387521169,0.0,0.0,-184
92,29,0.007168014047744709,0.0,0.0,0.006684611666804475,0.0,0.0,0.4827887069977542,0.0,105.1174387521169,0.0,0.0,-184
93,30,0.011091351995620738,0.12992125984251968,0.0,0.00811110703765428,0.0,0.0,0.6137956850331785,0.0,104.63496212753174,0.0,0.0,-183
93,30,0.011091351995620738,0.12992125984251968,0.0,0.00811110703765428,0.0,0.0,0.6137956850331785,0.0,104.63496212753174,0.0,0.0,-183
94,31,0.009683989374238002,0.6901574803149607,0.0,0.001337014292296395,0.0,0.0,0.642020414570281,0.0,103.99926269669317,0.0,0.0,-182
94,31,0.009683989374238002,0.6901574803149607,0.0,0.001337014292296395,0.0,0.0,0.642020414570281,0.0,103.99926269669317,0.0,0.0,-182
95,32,0.002720842455192216,0.0,0.0,0.00032853811634807464,0.0,0.0,0.41452723163068905,0.0,102.68442600274795,0.0,0.0,-181
95,32,0.002720842455192216,0.0,0.0,0.00032853811634807464,0.0,0.0,0.41452723163068905,0.0,102.68442600274795,0.0,0.0,-181
96,33,0.007311799236824058,0.00984251968503937,0.0,0.0012446366605879209,0.0,0.0,0.4510438253602566,0.0,102.29083746638307,0.0,0.0,-180
96,33,0.007311799236824058,0.00984251968503937,0.0,0.0012446366605879209,0.0,0.0,0.4510438253602566,0.0,102.29083746638307,0.0,0.0,-180
97,34,0.01223719651707703,0.0,0.0,0.001575639516614688,0.0,0.0,0.6052291891344872,0.0,101.85656483806278,0.0,0.0,-179
97,34,0.01223719651707703,0.0,0.0,0.001575639516614688,0.0,0.0,0.6052291891344872,0.0,101.85656483806278,0.0,0.0,-179
98,35,0.010312647492646047,0.0,0.0,0.0028645186101419937,0.0,0.0,0.6403094366764497,0.0,101.26273563346135,0.0,0.0,-178
98,35,0.010312647492646047,0.0,0.0,0.0028645186101419937,0.0,0.0,0.6403094366764497,0.0,101.26273563346135,0.0,0.0,-178
99,36,0.004720297410843655,0.0,0.0,0.003443718790495903,0.0,0.0,0.5344726712583607,0.0,100.63178934378136,0.0,0.0,-177
99,36,0.004720297410843655,0.0,0.0,0.003443718790495903,0.0,0.0,0.5344726712583607,0.0,100.63178934378136,0.0,0.0,-177
100,37,0.012913711162172062,0.0,0.0,0.005215184823950641,0.0,0.0,0.7173422952760476,0.0,100.1000843654418,0.0,0.0,-176
100,37,0.012913711162172062,0.0,0.0,0.005215184823950641,0.0,0.0,0.7173422952760476,0.0,100.1000843654418,0.0,0.0,-176
101,38,0.016422842409479835,0.0,0.0,0.007414408298632772,0.0,0.0,0.9051079341269235,0.0,99.38373744939693,0.0,0.0,-175
101,38,0.016422842409479835,0.0,0.0,0.007414408298632772,0.0,0.0,0.9051079341269235,0.0,99.38373744939693,0.0,0.0,-175
102,39,0.012761457355625188,0.0,0.0,0.00911200809356781,0.0,0.0,0.9212954807403412,0.0,98.47938615393164,0.0,0.0,-174
102,39,0.012761457355625188,0.0,0.0,0.00911200809356781,0.0,0.0,0.9212954807403412,0.0,98.47938615393164,0.0,0.0,-174
103,40,0.012719950929648498,0.0,0.0,0.010802827799967404,0.0,0.0,0.9461128350666789,0.0,97.55992509396502,0.0,0.0,-173
103,40,0.012719950929648498,0.0,0.0,0.010802827799967404,0.0,0.0,0.9461128350666789,0.0,97.55992509396502,0.0,0.0,-173
104,41,0.010606025525616458,0.0,0.0,0.012157209831166067,0.0,0.0,0.9015909662235576,0.0,96.61631450016564,0.0,0.0,-172
104,41,0.010606025525616458,0.0,0.0,0.012157209831166067,0.0,0.0,0.9015909662235576,0.0,96.61631450016564,0.0,0.0,-172
105,42,0.010699256321605993,0.00984251968503937,0.0,0.01361765194216851,0.0,0.0,0.9016265226386269,0.0,95.72045181739153,0.0,0.0,-171
105,42,0.010699256321605993,0.00984251968503937,0.0,0.01361765194216851,0.0,0.0,0.9016265226386269,0.0,95.72045181739153,0.0,0.0,-171
106,43,0.037611746150782534,0.22007874015748033,0.0,0.018339710775577438,0.0,0.0,1.1324772753635182,0.0,94.82032326109041,0.0,0.0,-170
106,43,0.037611746150782534,0.22007874015748033,0.0,0.018339710775577438,0.0,0.0,1.1324772753635182,0.0,94.82032326109041,0.0,0.0,-170
107,44,0.021336213327209936,0.0,0.0,0.002837158444843998,0.0,0.0,1.0209141298066562,0.0,93.35525273831874,0.0,0.0,-169
107,44,0.021336213327209936,0.0,0.0,0.002837158444843998,0.0,0.0,1.0209141298066562,0.0,93.35525273831874,0.0,0.0,-169
108,45,0.047284285299770655,0.0,0.0,0.009004966065069484,0.0,0.0,1.0792752220821011,0.0,92.37215267351657,0.0,0.0,-168
108,45,0.047284285299770655,0.0,0.0,0.009004966065069484,0.0,0.0,1.0792752220821011,0.0,92.37215267351657,0.0,0.0,-168
109,46,0.03371984655254403,0.0,0.0,0.013418958974947772,0.0,0.0,0.9838515190039014,0.0,91.34672534171803,0.0,0.0,-167
109,46,0.03371984655254403,0.0,0.0,0.013418958974947772,0.0,0.0,0.9838515190039014,0.0,91.34672534171803,0.0,0.0,-167
110,47,0.021842466231352695,0.0,0.0,0.016362212562857484,0.0,0.0,0.8987208848305634,0.0,90.43017359936998,0.0,0.0,-166
110,47,0.021842466231352695,0.0,0.0,0.016362212562857484,0.0,0.0,0.8987208848305634,0.0,90.43017359936998,0.0,0.0,-166
111,48,0.054343768061091535,0.0,0.0,0.023339137531732588,0.0,0.0,0.9853280728425651,0.0,89.56708331957157,0.0,0.0,-165
111,48,0.054343768061091535,0.0,0.0,0.023339137531732588,0.0,0.0,0.9853280728425651,0.0,89.56708331957157,0.0,0.0,-165
112,49,0.028160437931142906,0.05,0.0,0.027085009894143603,0.0,0.0,0.8441979429055745,0.0,88.62995644069055,0.0,0.0,-164
112,49,0.028160437931142906,0.05,0.0,0.027085009894143603,0.0,0.0,0.8441979429055745,0.0,88.62995644069055,0.0,0.0,-164
113,50,0.058685960651472475,0.0,0.0,0.03454518372300466,0.0,0.0,0.9257600197597367,0.0,87.81045233360781,0.13189074318410932,0.0,-163
113,50,0.058685960651472475,0.0,0.0,0.03454518372300466,0.0,0.0,0.9257600197597367,0.0,87.81045233360781,0.13189074318410932,0.0,-163
114,51,0.04337893199227192,0.0,0.0,0.040081524213319036,0.0,0.0,0.8256786343278791,0.0,86.92092445122798,0.21964581597490307,0.0,-162
114,51,0.04337893199227192,0.0,0.0,0.040081524213319036,0.0,0.0,0.8256786343278791,0.0,86.92092445122798,0.21964581597490307,0.0,-162
115,52,0.023385606501783198,0.0,0.0,0.043128985408821235,0.0,0.0,0.7099536464109631,0.0,86.12225849434226,0.23730268909332886,0.0,-161
115,52,0.023385606501783198,0.0,0.0,0.043128985408821235,0.0,0.0,0.7099536464109631,0.0,86.12225849434226,0.23730268909332886,0.0,-161
116,53,0.031538510467149235,0.00984251968503937,0.0,0.04719765310054623,0.0,0.0,0.7082471521680302,0.0,85.42634485475334,0.2713441726610565,0.0,-160
116,53,0.031538510467149235,0.00984251968503937,0.0,0.04719765310054623,0.0,0.0,0.7082471521680302,0.0,85.42634485475334,0.2713441726610565,0.0,-160
117,54,0.028057701503743697,0.0,0.0,0.05086957838094584,0.0,0.0,0.6621831074441484,0.0,84.73402923252691,0.29473284102234243,0.0,-159
117,54,0.028057701503743697,0.0,0.0,0.05086957838094584,0.0,0.0,0.6621831074441484,0.0,84.73402923252691,0.29473284102234243,0.0,-159
118,55,0.03768023332682575,0.0,0.0,0.05573762237056916,0.0,0.0,0.669504333094483,0.0,84.0881061567742,0.3309246872524112,0.0,-158
118,55,0.03768023332682575,0.0,0.0,0.05573762237056916,0.0,0.0,0.669504333094483,0.0,84.0881061567742,0.3309246872524112,0.0,-158
119,56,0.03669867199974527,0.0,0.0,0.06055008206051675,0.0,0.0,0.6366847281124135,0.0,83.44096378321773,0.3603319519699937,0.0,-157
119,56,0.03669867199974527,0.0,0.0,0.06055008206051675,0.0,0.0,0.6366847281124135,0.0,83.44096378321773,0.3603319519699937,0.0,-157
120,57,0.05440674439476091,0.0,0.0,0.06764641311663247,0.0,0.0,0.6840212879945891,0.0,82.83175139984667,0.40570216774259005,0.0,-156
120,57,0.05440674439476091,0.0,0.0,0.06764641311663247,0.0,0.0,0.6840212879945891,0.0,82.83175139984667,0.40570216774259005,0.0,-156
121,58,0.0439657926295056,0.0,0.0,0.07337203243874078,0.0,0.0,0.6080829349106726,0.0,82.18821326424343,0.43086639634691515,0.0,-155
121,58,0.0439657926295056,0.0,0.0,0.07337203243874078,0.0,0.0,0.6080829349106726,0.0,82.18821326424343,0.43086639634691515,0.0,-155
122,59,0.03784305765171214,0.0,0.0,0.07829658982985913,0.0,0.0,0.5532127945099934,0.0,81.59719762780007,0.44741548248647156,0.0,-154
122,59,0.03784305765171214,0.0,0.0,0.07829658982985913,0.0,0.0,0.5532127945099934,0.0,81.59719762780007,0.44741548248647156,0.0,-154
123,60,0.03927909662956433,0.09015748031496064,0.0,0.08344992737045875,0.0,0.0,0.5347645042994833,0.0,81.05512009942959,0.46386905507951803,0.0,-153
123,60,0.03927909662956433,0.09015748031496064,0.0,0.08344992737045875,0.0,0.0,0.5347645042994833,0.0,81.05512009942959,0.46386905507951803,0.0,-153
124,61,0.06278623920697812,0.0,0.0,0.09141094327849368,0.0,0.0,0.6066698433096182,0.0,80.54303952179737,0.492754493390281,0.0,-152
124,61,0.06278623920697812,0.0,0.0,0.09141094327849368,0.0,0.0,0.6066698433096182,0.0,80.54303952179737,0.492754493390281,0.0,-152
125,62,0.048653702685771225,0.0,0.0,0.09770631894036226,0.0,0.0,0.5230874757996109,0.0,79.95874294064679,0.5095295387551582,0.0,-151
125,62,0.048653702685771225,0.0,0.0,0.09770631894036226,0.0,0.0,0.5230874757996109,0.0,79.95874294064679,0.5095295387551582,0.0,-151
126,63,0.03987008571419535,0.0,0.0,0.10285188493918808,0.0,0.0,0.4597190171214561,0.0,79.45109172687171,0.520270224706729,0.0,-150
126,63,0.03987008571419535,0.0,0.0,0.10285188493918808,0.0,0.0,0.4597190171214561,0.0,79.45109172687171,0.520270224706729,0.0,-150
127,64,0.029042201427908896,0.040157480314960636,0.0,0.10679022790691706,0.0,0.0,0.3964394277359727,0.0,79.00246392436125,0.5159573940067602,0.0,-149
127,64,0.029042201427908896,0.040157480314960636,0.0,0.10679022790691706,0.0,0.0,0.3964394277359727,0.0,79.00246392436125,0.5159573940067602,0.0,-149
128,65,0.07680615073787664,0.0,0.0,0.11653134433662252,0.0,0.0,0.5809198685702115,0.0,78.62271446205138,0.5192070057981074,0.0,-148
128,65,0.07680615073787664,0.0,0.0,0.11653134433662252,0.0,0.0,0.5809198685702115,0.0,78.62271446205138,0.5192070057981074,0.0,-148
129,66,0.10364564343489471,0.0,0.0,0.12948052019947806,0.0,0.0,0.6743421775333956,0.0,78.08791957761814,0.5267310895669275,0.0,-147
129,66,0.10364564343489471,0.0,0.0,0.12948052019947806,0.0,0.0,0.6743421775333956,0.0,78.08791957761814,0.5267310895669275,0.0,-147
130,67,0.06579585963113091,0.0,0.0,0.1378633090069653,0.0,0.0,0.4861670010335075,0.0,77.4526583213868,0.5288530462735105,0.0,-146
130,67,0.06579585963113091,0.0,0.0,0.1378633090069653,0.0,0.0,0.4861670010335075,0.0,77.4526583213868,0.5288530462735105,0.0,-146
131,68,0.12999057367222586,0.00984251968503937,0.0,0.15378048540217637,0.0,0.0,0.7464895923444715,0.0,76.98926086769538,0.5381592334237717,0.0,-145
131,68,0.12999057367222586,0.00984251968503937,0.0,0.15378048540217637,0.0,0.0,0.7464895923444715,0.0,76.98926086769538,0.5381592334237717,0.0,-145
132,69,0.03412820728928853,0.0,0.0,0.15837552662604173,0.0,0.0,0.31207052703104143,0.0,76.30807913899591,0.5382208546670194,0.0,-144
132,69,0.03412820728928853,0.0,0.0,0.15837552662604173,0.0,0.0,0.31207052703104143,0.0,76.30807913899591,0.5382208546670194,0.0,-144
133,70,0.05530586214153692,0.00984251968503937,0.0,0.165736115942158,0.0,0.0,0.40009343341466075,0.0,76.02282984924597,0.5412326033634275,0.0,-143
133,70,0.05530586214153692,0.00984251968503937,0.0,0.165736115942158,0.0,0.0,0.40009343341466075,0.0,76.02282984924597,0.5412326033634275,0.0,-143
134,71,0.0335193701344281,0.0,0.0,0.17003069841881047,0.0,0.0,0.2750277574593667,0.0,75.65510616471047,0.5419090861696951,0.0,-142
134,71,0.0335193701344281,0.0,0.0,0.17003069841881047,0.0,0.0,0.2750277574593667,0.0,75.65510616471047,0.5419090861696951,0.0,-142
135,72,0.054651500472243715,0.0,0.0,0.1770947698568165,0.0,0.0,0.3654677087851048,0.0,75.39791075747078,0.5453100171124863,0.0,-141
135,72,0.054651500472243715,0.0,0.0,0.1770947698568165,0.0,0.0,0.3654677087851048,0.0,75.39791075747078,0.5453100171124863,0.0,-141
136,73,0.05433635914289355,0.0,0.0,0.18420894023054102,0.0,0.0,0.3553933899248709,0.0,75.04587378249984,0.5489267486746031,0.0,-140
136,73,0.05433635914289355,0.0,0.0,0.18420894023054102,0.0,0.0,0.3553933899248709,0.0,75.04587378249984,0.5489267486746031,0.0,-140
137,74,0.03402229376361328,0.09015748031496064,0.0,0.18877287981072038,0.0,0.0,0.24986062205754717,0.0,74.70360792940916,0.550729010041932,0.0,-139
137,74,0.03402229376361328,0.09015748031496064,0.0,0.18877287981072038,0.0,0.0,0.24986062205754717,0.0,74.70360792940916,0.550729010041932,0.0,-139
138,75,0.06589892101912459,0.5401574803149607,0.0,0.19755487303911717,0.0,0.0,0.39798547357940833,0.0,74.4735540791999,0.5558584976567402,0.0,-138
138,75,0.06589892101912459,0.5401574803149607,0.0,0.19755487303911717,0.0,0.0,0.39798547357940833,0.0,74.4735540791999,0.5558584976567402,0.0,-138
139,76,0.08214984683232011,0.12992125984251968,0.0,0.09598286750432164,0.0,0.0,0.5445431326314091,0.0,74.43015715591918,0.5593613115430967,0.0,-137
139,76,0.08214984683232011,0.12992125984251968,0.0,0.09598286750432164,0.0,0.0,0.5445431326314091,0.0,74.43015715591918,0.5593613115430967,0.0,-137
140,77,0.031904154491279244,0.040157480314960636,0.0,0.08174249301962319,0.0,0.0,0.3605175277035088,0.0,73.98502460832661,0.5568801819167069,0.0,-136
140,77,0.031904154491279244,0.040157480314960636,0.0,0.08174249301962319,0.0,0.0,0.3605175277035088,0.0,73.98502460832661,0.5568801819167069,0.0,-136
141,78,0.046868680265990746,0.0,0.0,0.08216829075630225,0.0,0.0,0.4179027393364648,0.0,73.69053638665736,0.5564980995554244,0.0,-135
141,78,0.046868680265990746,0.0,0.0,0.08216829075630225,0.0,0.0,0.4179027393364648,0.0,73.69053638665736,0.5564980995554244,0.0,-135
142,79,0.08285971162134237,0.029921259842519688,0.0,0.09362081074523271,0.0,0.0,0.5468713578036469,0.0,73.37114508159026,0.5605174719402838,0.0,-134
142,79,0.08285971162134237,0.029921259842519688,0.0,0.09362081074523271,0.0,0.0,0.5468713578036469,0.0,73.37114508159026,0.5605174719402838,0.0,-134
143,80,0.0789084198392219,0.0,0.0,0.10147677345090574,0.0,0.0,0.5102704042158832,0.0,72.87157807794652,0.5636971950610932,0.0,-133
143,80,0.0789084198392219,0.0,0.0,0.10147677345090574,0.0,0.0,0.5102704042158832,0.0,72.87157807794652,0.5636971950610932,0.0,-133
144,81,0.06260861323712563,0.0,0.0,0.1102526345237373,0.0,0.0,0.4224591039098374,0.0,72.39145948563278,0.5656220589761382,0.0,-132
144,81,0.06260861323712563,0.0,0.0,0.1102526345237373,0.0,0.0,0.4224591039098374,0.0,72.39145948563278,0.5656220589761382,0.0,-132
145,82,0.11757556208265098,0.0,0.0,0.12585765762365186,0.0,0.0,0.631456563566302,0.0,72.01718879574243,0.5689521837696923,0.0,-131
145,82,0.11757556208265098,0.0,0.0,0.12585765762365186,0.0,0.0,0.631456563566302,0.0,72.01718879574243,0.5689521837696923,0.0,-131
146,83,0.08559476203754579,0.029921259842519688,0.0,0.13744569352483954,0.0,0.0,0.4801637671479359,0.0,71.44740824265433,0.5713016897092162,0.0,-130
146,83,0.08559476203754579,0.029921259842519688,0.0,0.13744569352483954,0.0,0.0,0.4801637671479359,0.0,71.44740824265433,0.5713016897092162,0.0,-130
147,84,0.1277334432646723,0.0,0.0,0.1544721753918538,0.0,0.0,0.6468701176595617,0.0,71.00192549958741,0.5702706557931876,0.0,-129
147,84,0.1277334432646723,0.0,0.0,0.1544721753918538,0.0,0.0,0.6468701176595617,0.0,71.00192549958741,0.5702706557931876,0.0,-129
148,85,0.131078909891728,0.0,0.0,0.17153706753894826,0.0,0.0,0.631799786485034,0.0,70.44194206087461,0.5745417390911014,0.0,-128
148,85,0.131078909891728,0.0,0.0,0.17153706753894826,0.0,0.0,0.631799786485034,0.0,70.44194206087461,0.5745417390911014,0.0,-128
149,86,0.10829598658826071,0.0,0.0,0.18579622700248866,0.0,0.0,0.5226037548126776,0.0,69.8840490655381,0.5799103806399892,0.0,-127
149,86,0.10829598658826071,0.0,0.0,0.18579622700248866,0.0,0.0,0.5226037548126776,0.0,69.8840490655381,0.5799103806399892,0.0,-127
150,87,0.1356964386526223,0.0,0.0,0.2029973899741422,0.0,0.0,0.6182688170243336,0.0,69.39323388018747,0.5856040302278704,0.0,-126
150,87,0.1356964386526223,0.0,0.0,0.2029973899741422,0.0,0.0,0.6182688170243336,0.0,69.39323388018747,0.5856040302278704,0.0,-126
151,88,0.10288450714505744,0.0,0.0,0.21663393535942949,0.0,0.0,0.48820800465885184,0.0,68.81290694878241,0.5888130307050067,0.0,-125
151,88,0.10288450714505744,0.0,0.0,0.21663393535942949,0.0,0.0,0.48820800465885184,0.0,68.81290694878241,0.5888130307050067,0.0,-125
152,89,0.10418355808298914,0.0,0.0,0.23019270154438762,0.0,0.0,0.48144528747910004,0.0,68.35711163898043,0.5917093696222961,0.0,-124
152,89,0.10418355808298914,0.0,0.0,0.23019270154438762,0.0,0.0,0.48144528747910004,0.0,68.35711163898043,0.5917093696222961,0.0,-124
153,90,0.13540017871176915,0.0,0.0,0.24709898517473092,0.0,0.0,0.6015533191253836,0.0,67.92461303111219,0.5961680505123477,0.0,-123
153,90,0.13540017871176915,0.0,0.0,0.24709898517473092,0.0,0.0,0.6015533191253836,0.0,67.92461303111219,0.5961680505123477,0.0,-123
154,91,0.11308168807690595,0.0,0.0,0.2618270971923581,0.0,0.0,0.5268337773645104,0.0,67.3535982867452,0.5991133255503465,0.0,-122
154,91,0.11308168807690595,0.0,0.0,0.2618270971923581,0.0,0.0,0.5268337773645104,0.0,67.3535982867452,0.5991133255503465,0.0,-122
155,92,0.10570961079848769,0.0,0.0,0.27565653902420373,0.0,0.0,0.49721589587030207,0.0,66.8562945308251,0.6008729605804701,0.0,-121
155,92,0.10570961079848769,0.0,0.0,0.27565653902420373,0.0,0.0,0.49721589587030207,0.0,66.8562945308251,0.6008729605804701,0.0,-121
156,93,0.14868826743650845,0.0,0.0,0.2943977904874079,0.0,0.0,0.6736474120679851,0.0,66.3852081933801,0.602152568204374,0.0,-120
156,93,0.14868826743650845,0.0,0.0,0.2943977904874079,0.0,0.0,0.6736474120679851,0.0,66.3852081933801,0.602152568204374,0.0,-120
157,94,0.11243021925082576,0.0,0.0,0.30856276634860236,0.0,0.0,0.5142537730960101,0.0,65.75431881630854,0.6046423602580626,0.0,-119
157,94,0.11243021925082576,0.0,0.0,0.30856276634860236,0.0,0.0,0.5142537730960101,0.0,65.75431881630854,0.6046423602580626,0.0,-119
158,95,0.1200975480098433,0.0,0.0,0.3239142854659461,0.0,0.0,0.5588268633327509,0.0,65.26422729393349,0.6062799827737444,0.0,-118
158,95,0.1200975480098433,0.0,0.0,0.3239142854659461,0.0,0.0,0.5588268633327509,0.0,65.26422729393349,0.6062799827737444,0.0,-118
159,96,0.10688567080700986,0.0,0.0,0.3378293443612642,0.0,0.0,0.5107049100262513,0.0,64.73329469057569,0.6060380766113993,0.0,-117
159,96,0.10688567080700986,0.0,0.0,0.3378293443612642,0.0,0.0,0.5107049100262513,0.0,64.73329469057569,0.6060380766113993,0.0,-117
160,97,0.12412847116795835,0.0,0.0,0.3539719186119002,0.0,0.0,0.5927489301061316,0.0,64.25360267845876,0.6052436242184477,0.0,-116
160,97,0.12412847116795835,0.0,0.0,0.3539719186119002,0.0,0.0,0.5927489301061316,0.0,64.25360267845876,0.6052436242184477,0.0,-116
161,98,0.13183983899263327,0.0,0.0,0.37110884385304715,0.0,0.0,0.6319581434556174,0.0,63.71434949222354,0.6058952641675637,0.0,-115
161,98,0.13183983899263327,0.0,0.0,0.37110884385304715,0.0,0.0,0.6319581434556174,0.0,63.71434949222354,0.6058952641675637,0.0,-115
162,99,0.020965731586779095,0.0,0.0,0.3737012633260472,0.0,0.0,0.1214928377840218,0.0,63.14501165029545,0.606338540603614,0.0,-114
162,99,0.020965731586779095,0.0,0.0,0.3737012633260472,0.0,0.0,0.1214928377840218,0.0,63.14501165029545,0.606338540603614,0.0,-114
163,100,0.14037835419529587,0.0,0.0,0.3912439202431751,0.0,0.0,0.6511908012100855,0.0,63.0349893178713,0.609908129466367,0.0,-113
163,100,0.14037835419529587,0.0,0.0,0.3912439202431751,0.0,0.0,0.6511908012100855,0.0,63.0349893178713,0.609908129466367,0.0,-113
164,101,0.12351663570312402,0.0,0.0,0.40673799301532587,0.0,0.0,0.5824524149036521,0.0,62.4166444162986,0.6117782977110167,0.0,-112
164,101,0.12351663570312402,0.0,0.0,0.40673799301532587,0.0,0.0,0.5824524149036521,0.0,62.4166444162986,0.6117782977110167,0.0,-112
165,102,0.11505535416424476,0.0,0.0,0.42129232987123133,0.0,0.0,0.553085867824616,0.0,61.85371160712433,0.6109554696641819,0.0,-111
165,102,0.11505535416424476,0.0,0.0,0.42129232987123133,0.0,0.0,0.553085867824616,0.0,61.85371160712433,0.6109554696641819,0.0,-111
166,103,0.09779284401699738,0.0,0.0,0.4335678546418683,0.0,0.0,0.4759679754210051,0.0,61.32782818798338,0.6128214269704739,0.0,-110
166,103,0.09779284401699738,0.0,0.0,0.4335678546418683,0.0,0.0,0.4759679754210051,0.0,61.32782818798338,0.6128214269704739,0.0,-110
167,104,0.05929871556926109,0.0,0.0,0.4413633642821479,0.0,0.0,0.32032202828487927,0.0,60.90397968088912,0.6138341541866932,0.0,-109
167,104,0.05929871556926109,0.0,0.0,0.4413633642821479,0.0,0.0,0.32032202828487927,0.0,60.90397968088912,0.6138341541866932,0.0,-109
168,105,0.10594701103198315,0.0,0.0,0.4553577354280195,0.0,0.0,0.5431970924348397,0.0,60.63897378363493,0.6127945727557753,0.0,-108
168,105,0.10594701103198315,0.0,0.0,0.4553577354280195,0.0,0.0,0.5431970924348397,0.0,60.63897378363493,0.6127945727557753,0.0,-108
169,106,0.12873229565717303,0.0,0.0,0.4718960167913253,0.0,0.0,0.6396901731885087,0.0,60.18230131467705,0.6116659064427202,0.0,-107
169,106,0.12873229565717303,0.0,0.0,0.4718960167913253,0.0,0.0,0.6396901731885087,0.0,60.18230131467705,0.6116659064427202,0.0,-107
170,107,0.13266472730628426,0.0,0.0,0.4887983816540999,0.0,0.0,0.659638942671955,0.0,59.652931542157816,0.610405310962838,0.0,-106
170,107,0.13266472730628426,0.0,0.0,0.4887983816540999,0.0,0.0,0.659638942671955,0.0,59.652931542157816,0.610405310962838,0.0,-106
171,108,0.08152599929533097,0.0,0.0,0.4991250685562672,0.0,0.0,0.429798462301071,0.0,59.05821513510828,0.6106346377753822,0.0,-105
171,108,0.08152599929533097,0.0,0.0,0.4991250685562672,0.0,0.0,0.429798462301071,0.0,59.05821513510828,0.6106346377753822,0.0,-105
172,109,0.07034858864791396,0.07007874015748032,0.0,0.5081742005271201,0.0,0.0,0.38726863516786936,0.0,58.6842241038145,0.6116590783329194,0.0,-104
172,109,0.07034858864791396,0.07007874015748032,0.0,0.5081742005271201,0.0,0.0,0.38726863516786936,0.0,58.6842241038145,0.6116590783329194,0.0,-104
173,110,0.13338906334671466,0.00984251968503937,0.0,0.5245758362438512,0.0,0.0,0.6551889017425774,0.0,58.38449712536225,0.6135043606905348,0.0,-103
173,110,0.13338906334671466,0.00984251968503937,0.0,0.5245758362438512,0.0,0.0,0.6551889017425774,0.0,58.38449712536225,0.6135043606905348,0.0,-103
174,111,0.11180736965912208,0.0,0.0,0.5386397940690907,0.0,0.0,0.5777301501828838,0.0,57.786918686842206,0.6131710968778241,0.0,-102
174,111,0.11180736965912208,0.0,0.0,0.5386397940690907,0.0,0.0,0.5777301501828838,0.0,57.786918686842206,0.6131710968778241,0.0,-102
175,112,0.09747964447479593,0.3700787401574803,0.0,0.5512025176120704,0.0,0.0,0.5292135415705356,0.0,57.250383466297464,0.61425560815533,0.0,-101
175,112,0.09747964447479593,0.3700787401574803,0.0,0.5512025176120704,0.0,0.0,0.5292135415705356,0.0,57.250383466297464,0.61425560815533,0.0,-101
176,113,0.1040838444535369,0.00984251968503937,0.0,0.5643189874017535,0.0,0.0,0.5542075494973514,0.0,56.78777067584189,0.6151408093887099,0.0,-100
176,113,0.1040838444535369,0.00984251968503937,0.0,0.5643189874017535,0.0,0.0,0.5542075494973514,0.0,56.78777067584189,0.6151408093887099,0.0,-100
177,114,0.10615382700154354,0.0,0.0,0.5776884906781634,0.0,0.0,0.5687692979033497,0.0,56.29925806198509,0.6150588815537996,0.0,-99
177,114,0.10615382700154354,0.0,0.0,0.5776884906781634,0.0,0.0,0.5687692979033497,0.0,56.29925806198509,0.6150588815537996,0.0,-99
178,115,0.11873515699734154,0.0,0.0,0.592878016048725,0.0,0.0,0.6406380953272173,0.0,55.78089243598972,0.614697653802068,0.0,-98
178,115,0.11873515699734154,0.0,0.0,0.592878016048725,0.0,0.0,0.6406380953272173,0.0,55.78089243598972,0.614697653802068,0.0,-98
179,116,0.12466139069290227,0.0,0.0,0.6088074583104535,0.0,0.0,0.6750984689042616,0.0,55.216028852843365,0.6129242329758156,0.0,-97
179,116,0.12466139069290227,0.0,0.0,0.6088074583104535,0.0,0.0,0.6750984689042616,0.0,55.216028852843365,0.6129242329758156,0.0,-97
180,117,0.1639782879207901,0.0,0.0,0.6289553634885103,0.0,0.0,0.8391901874914287,0.0,54.64880990689332,0.6141919627429886,0.0,-96
180,117,0.1639782879207901,0.0,0.0,0.6289553634885103,0.0,0.0,0.8391901874914287,0.0,54.64880990689332,0.6141919627429886,0.0,-96
181,118,0.09892124719945079,0.0,0.0,0.6406499317254317,0.0,0.0,0.5406766144715885,0.0,53.884496145293824,0.6146172342427523,0.0,-95
181,118,0.09892124719945079,0.0,0.0,0.6406499317254317,0.0,0.0,0.5406766144715885,0.0,53.884496145293824,0.6146172342427523,0.0,-95
182,119,0.15508230517838895,0.0,0.0,0.6591578297148056,0.0,0.0,0.7940187528080854,0.0,53.398465312223294,0.6131224256130476,0.0,-94
182,119,0.15508230517838895,0.0,0.0,0.6591578297148056,0.0,0.0,0.7940187528080854,0.0,53.398465312223294,0.6131224256130476,0.0,-94
183,120,0.16551724845267488,0.020078740157480318,0.0,0.6780309162536842,0.0,0.0,0.8185352624851157,0.0,52.66945346536944,0.6135975597513041,0.0,-93
183,120,0.16551724845267488,0.020078740157480318,0.0,0.6780309162536842,0.0,0.0,0.8185352624851157,0.0,52.66945346536944,0.6135975597513041,0.0,-93
184,121,0.15451818154454736,0.0,0.0,0.6959598401396941,0.0,0.0,0.7926567988997876,0.0,51.905134200896455,0.611847046714838,0.0,-92
184,121,0.15451818154454736,0.0,0.0,0.6959598401396941,0.0,0.0,0.7926567988997876,0.0,51.905134200896455,0.611847046714838,0.0,-92
185,122,0.13137179512097827,0.0,0.0,0.7107120498305776,0.0,0.0,0.6835212623088147,0.0,51.15943733280404,0.6096054138523952,0.0,-91
185,122,0.13137179512097827,0.0,0.0,0.7107120498305776,0.0,0.0,0.6835212623088147,0.0,51.15943733280404,0.6096054138523952,0.0,-91
186,123,0.0711081821339972,0.059842519685039376,0.0,0.7179020186065548,0.0,0.0,0.41535634066275706,0.0,50.52345893638091,0.6095649821508313,0.0,-90
186,123,0.0711081821339972,0.059842519685039376,0.0,0.7179020186065548,0.0,0.0,0.41535634066275706,0.0,50.52345893638091,0.6095649821508313,0.0,-90
187,124,0.16539901405952778,0.00984251968503937,0.0,0.7373406322259374,0.0,0.0,0.8513244581922694,0.0,50.17476936543121,0.6064354508997305,0.0,-89
187,124,0.16539901405952778,0.00984251968503937,0.0,0.7373406322259374,0.0,0.0,0.8513244581922694,0.0,50.17476936543121,0.6064354508997305,0.0,-89
